hotel_name,image_url
APART 48,https://images.unsplash.com/photo-1606222651797-dc3116801261?crop=entropy&cs=tinysrgb&fit=max&fm=jpg&ixid=M3w3NTQyMTB8MHwxfHNlYXJjaHwxfHxBUEFSVCUyMDQ4fGVufDB8fHx8MTc0Nzg2MzQwMHww&ixlib=rb-4.1.0&q=80&w=1080
Acar Pansiyon,https://images.unsplash.com/photo-1506744038136-46273834b3fb
Akasya Apart Otel (Akyaka),https://images.unsplash.com/photo-1682882536887-87b6e9524cc7?crop=entropy&cs=tinysrgb&fit=max&fm=jpg&ixid=M3w3NTQyMTB8MHwxfHNlYXJjaHwxfHxBa2FzeWElMjBBcGFydCUyME90ZWwlMjAlMjhBa3lha2ElMjl8ZW58MHx8fHwxNzQ3ODYzNDAyfDA&ixlib=rb-4.1.0&q=80&w=1080
Akyaka Apart Konaklama,https://images.unsplash.com/photo-1682882536887-87b6e9524cc7?crop=entropy&cs=tinysrgb&fit=max&fm=jpg&ixid=M3w3NTQyMTB8MHwxfHNlYXJjaHwxfHxBa3lha2ElMjBBcGFydCUyMEtvbmFrbGFtYXxlbnwwfHx8fDE3NDc4NjM0MDR8MA&ixlib=rb-4.1.0&q=80&w=1080
Akyaka Apart Pansiyon,https://images.unsplash.com/photo-1682882536887-87b6e9524cc7?crop=entropy&cs=tinysrgb&fit=max&fm=jpg&ixid=M3w3NTQyMTB8MHwxfHNlYXJjaHwxfHxBa3lha2ElMjBBcGFydCUyMFBhbnNpeW9ufGVufDB8fHx8MTc0Nzg2MzQwNXww&ixlib=rb-4.1.0&q=80&w=1080
Akyaka Azmak Apart,https://images.unsplash.com/photo-1682882536887-87b6e9524cc7?crop=entropy&cs=tinysrgb&fit=max&fm=jpg&ixid=M3w3NTQyMTB8MHwxfHNlYXJjaHwxfHxBa3lha2ElMjBBem1hayUyMEFwYXJ0fGVufDB8fHx8MTc0Nzg2MzQwNnww&ixlib=rb-4.1.0&q=80&w=1080
Akyaka Kaya Delsol Otel,https://images.unsplash.com/photo-1682882536887-87b6e9524cc7?crop=entropy&cs=tinysrgb&fit=max&fm=jpg&ixid=M3w3NTQyMTB8MHwxfHNlYXJjaHwxfHxBa3lha2ElMjBLYXlhJTIwRGVsc29sJTIwT3RlbHxlbnwwfHx8fDE3NDc4NjM0MDd8MA&ixlib=rb-4.1.0&q=80&w=1080
Akyaka Tatil Apart,https://images.unsplash.com/photo-1682882536887-87b6e9524cc7?crop=entropy&cs=tinysrgb&fit=max&fm=jpg&ixid=M3w3NTQyMTB8MHwxfHNlYXJjaHwxfHxBa3lha2ElMjBUYXRpbCUyMEFwYXJ0fGVufDB8fHx8MTc0Nzg2MzQwOHww&ixlib=rb-4.1.0&q=80&w=1080
Akyaka Villa Marine Otel & Restoran,https://images.unsplash.com/photo-1561486462-89834a03cb72?crop=entropy&cs=tinysrgb&fit=max&fm=jpg&ixid=M3w3NTQyMTB8MHwxfHNlYXJjaHwxfHxBa3lha2ElMjBWaWxsYSUyME1hcmluZSUyME90ZWwlMjB8ZW58MHx8fHwxNzQ3ODYzNDEwfDA&ixlib=rb-4.1.0&q=80&w=1080
Akyaka Yali Capkini,https://images.unsplash.com/photo-1682882536887-87b6e9524cc7?crop=entropy&cs=tinysrgb&fit=max&fm=jpg&ixid=M3w3NTQyMTB8MHwxfHNlYXJjaHwxfHxBa3lha2ElMjBZYWxpJTIwQ2Fwa2luaXxlbnwwfHx8fDE3NDc4NjM0MTJ8MA&ixlib=rb-4.1.0&q=80&w=1080
Akyaka Yeşil Apart,https://images.unsplash.com/photo-1682882536887-87b6e9524cc7?crop=entropy&cs=tinysrgb&fit=max&fm=jpg&ixid=M3w3NTQyMTB8MHwxfHNlYXJjaHwxfHxBa3lha2ElMjBZZSVDNSU5RmlsJTIwQXBhcnR8ZW58MHx8fHwxNzQ3ODYzNDEzfDA&ixlib=rb-4.1.0&q=80&w=1080
Akyaka Zeytin Apart,https://images.unsplash.com/photo-1682882536887-87b6e9524cc7?crop=entropy&cs=tinysrgb&fit=max&fm=jpg&ixid=M3w3NTQyMTB8MHwxfHNlYXJjaHwxfHxBa3lha2ElMjBaZXl0aW4lMjBBcGFydHxlbnwwfHx8fDE3NDc4NjM0MTR8MA&ixlib=rb-4.1.0&q=80&w=1080
Akyaka apart mera,https://images.unsplash.com/photo-1682882536887-87b6e9524cc7?crop=entropy&cs=tinysrgb&fit=max&fm=jpg&ixid=M3w3NTQyMTB8MHwxfHNlYXJjaHwxfHxBa3lha2ElMjBhcGFydCUyMG1lcmF8ZW58MHx8fHwxNzQ3ODYzNDE1fDA&ixlib=rb-4.1.0&q=80&w=1080
Akyaka Özgem Apart Otel,https://images.unsplash.com/photo-1682882536887-87b6e9524cc7?crop=entropy&cs=tinysrgb&fit=max&fm=jpg&ixid=M3w3NTQyMTB8MHwxfHNlYXJjaHwxfHxBa3lha2ElMjAlQzMlOTZ6Z2VtJTIwQXBhcnQlMjBPdGVsfGVufDB8fHx8MTc0Nzg2MzQxNnww&ixlib=rb-4.1.0&q=80&w=1080
Ala Butik Hotel,https://images.unsplash.com/photo-1445991842772-097fea258e7b?crop=entropy&cs=tinysrgb&fit=max&fm=jpg&ixid=M3w3NTQyMTB8MHwxfHNlYXJjaHwxfHxBbGElMjBCdXRpayUyMEhvdGVsfGVufDB8fHx8MTc0Nzg2MzQxOXww&ixlib=rb-4.1.0&q=80&w=1080
Alp Suites Lavanta,https://images.unsplash.com/photo-1526028084906-e452e1b1c737?crop=entropy&cs=tinysrgb&fit=max&fm=jpg&ixid=M3w3NTQyMTB8MHwxfHNlYXJjaHwxfHxBbHAlMjBTdWl0ZXMlMjBMYXZhbnRhfGVufDB8fHx8MTc0Nzg2MzQyMXww&ixlib=rb-4.1.0&q=80&w=1080
Alp Suites Mandalin,https://images.unsplash.com/photo-1526028084906-e452e1b1c737?crop=entropy&cs=tinysrgb&fit=max&fm=jpg&ixid=M3w3NTQyMTB8MHwxfHNlYXJjaHwxfHxBbHAlMjBTdWl0ZXMlMjBNYW5kYWxpbnxlbnwwfHx8fDE3NDc4NjM0MjJ8MA&ixlib=rb-4.1.0&q=80&w=1080
Alp Suites Pinehill,https://images.unsplash.com/photo-1526028084906-e452e1b1c737?crop=entropy&cs=tinysrgb&fit=max&fm=jpg&ixid=M3w3NTQyMTB8MHwxfHNlYXJjaHwxfHxBbHAlMjBTdWl0ZXMlMjBQaW5laGlsbHxlbnwwfHx8fDE3NDc4NjM0MjN8MA&ixlib=rb-4.1.0&q=80&w=1080
Alp Suites Safran,https://images.unsplash.com/photo-1526028084906-e452e1b1c737?crop=entropy&cs=tinysrgb&fit=max&fm=jpg&ixid=M3w3NTQyMTB8MHwxfHNlYXJjaHwxfHxBbHAlMjBTdWl0ZXMlMjBTYWZyYW58ZW58MHx8fHwxNzQ3ODYzNDI2fDA&ixlib=rb-4.1.0&q=80&w=1080
Amber Suites Akyaka,https://images.unsplash.com/photo-1682882536887-87b6e9524cc7?crop=entropy&cs=tinysrgb&fit=max&fm=jpg&ixid=M3w3NTQyMTB8MHwxfHNlYXJjaHwxfHxBbWJlciUyMFN1aXRlcyUyMEFreWFrYXxlbnwwfHx8fDE3NDc4NjM0Mjh8MA&ixlib=rb-4.1.0&q=80&w=1080
Anayurt Oteli Akyaka,https://images.unsplash.com/photo-1682882536887-87b6e9524cc7?crop=entropy&cs=tinysrgb&fit=max&fm=jpg&ixid=M3w3NTQyMTB8MHwxfHNlYXJjaHwxfHxBbmF5dXJ0JTIwT3RlbGklMjBBa3lha2F8ZW58MHx8fHwxNzQ3ODYzNDI5fDA&ixlib=rb-4.1.0&q=80&w=1080
AnkAkyaka Apart Hotel,https://images.unsplash.com/photo-1445991842772-097fea258e7b?crop=entropy&cs=tinysrgb&fit=max&fm=jpg&ixid=M3w3NTQyMTB8MHwxfHNlYXJjaHwxfHxBbmtBa3lha2ElMjBBcGFydCUyMEhvdGVsfGVufDB8fHx8MTc0Nzg2MzQzMHww&ixlib=rb-4.1.0&q=80&w=1080
Ayka Otel,https://images.unsplash.com/photo-1729474970592-8af0ec917d9f?crop=entropy&cs=tinysrgb&fit=max&fm=jpg&ixid=M3w3NTQyMTB8MHwxfHNlYXJjaHwxfHxBeWthJTIwT3RlbHxlbnwwfHx8fDE3NDc4NjM0MzJ8MA&ixlib=rb-4.1.0&q=80&w=1080
AŞKYAKA APART - SADECE SEZONLUK DAİRE KİRALIYORUZ,https://images.unsplash.com/photo-1616424525183-4042d746ac85?crop=entropy&cs=tinysrgb&fit=max&fm=jpg&ixid=M3w3NTQyMTB8MHwxfHNlYXJjaHwxfHxBJUM1JTlFS1lBS0ElMjBBUEFSVCUyMC0lMjBTQURFQ0UlMjBTRVpPTkxVSyUyMERBJUM0JUIwUkUlMjBLJUM0JUIwUkFMSVlPUlVafGVufDB8fHx8MTc0Nzg2MzQzMnww&ixlib=rb-4.1.0&q=80&w=1080
BEACON HILL SUITES,https://images.unsplash.com/photo-1613937597092-031e80b5fab8?crop=entropy&cs=tinysrgb&fit=max&fm=jpg&ixid=M3w3NTQyMTB8MHwxfHNlYXJjaHwxfHxCRUFDT04lMjBISUxMJTIwU1VJVEVTfGVufDB8fHx8MTc0Nzg2MzQzM3ww&ixlib=rb-4.1.0&q=80&w=1080
Balèze Boutique Hotel,https://images.unsplash.com/photo-1445991842772-097fea258e7b?crop=entropy&cs=tinysrgb&fit=max&fm=jpg&ixid=M3w3NTQyMTB8MHwxfHNlYXJjaHwxfHxCYWwlQzMlQTh6ZSUyMEJvdXRpcXVlJTIwSG90ZWx8ZW58MHx8fHwxNzQ3ODYzNDM1fDA&ixlib=rb-4.1.0&q=80&w=1080
Berlin Apart pansiyo,https://images.unsplash.com/photo-1528728329032-2972f65dfb3f?crop=entropy&cs=tinysrgb&fit=max&fm=jpg&ixid=M3w3NTQyMTB8MHwxfHNlYXJjaHwxfHxCZXJsaW4lMjBBcGFydCUyMHBhbnNpeW98ZW58MHx8fHwxNzQ3ODYzNDM2fDA&ixlib=rb-4.1.0&q=80&w=1080
Can Apart ( Akyaka ),https://images.unsplash.com/photo-1609361528183-1acc0d399845?crop=entropy&cs=tinysrgb&fit=max&fm=jpg&ixid=M3w3NTQyMTB8MHwxfHNlYXJjaHwxfHxDYW4lMjBBcGFydCUyMCUyOCUyMEFreWFrYSUyMCUyOXxlbnwwfHx8fDE3NDc4NjM0MzZ8MA&ixlib=rb-4.1.0&q=80&w=1080
Carissa Otel,https://images.unsplash.com/photo-1729474970592-8af0ec917d9f?crop=entropy&cs=tinysrgb&fit=max&fm=jpg&ixid=M3w3NTQyMTB8MHwxfHNlYXJjaHwxfHxDYXJpc3NhJTIwT3RlbHxlbnwwfHx8fDE3NDc4NjM0Mzd8MA&ixlib=rb-4.1.0&q=80&w=1080
Ceylan Apart,https://images.unsplash.com/photo-1616424525183-4042d746ac85?crop=entropy&cs=tinysrgb&fit=max&fm=jpg&ixid=M3w3NTQyMTB8MHwxfHNlYXJjaHwxfHxDZXlsYW4lMjBBcGFydHxlbnwwfHx8fDE3NDc4NjM0Mzh8MA&ixlib=rb-4.1.0&q=80&w=1080
Cumba Apart,https://images.unsplash.com/photo-1616424525183-4042d746ac85?crop=entropy&cs=tinysrgb&fit=max&fm=jpg&ixid=M3w3NTQyMTB8MHwxfHNlYXJjaHwxfHxDdW1iYSUyMEFwYXJ0fGVufDB8fHx8MTc0Nzg2MzQzOXww&ixlib=rb-4.1.0&q=80&w=1080
Dedeoğlu Apart,https://images.unsplash.com/photo-1616424525183-4042d746ac85?crop=entropy&cs=tinysrgb&fit=max&fm=jpg&ixid=M3w3NTQyMTB8MHwxfHNlYXJjaHwxfHxEZWRlbyVDNCU5Rmx1JTIwQXBhcnR8ZW58MHx8fHwxNzQ3ODYzNDQwfDA&ixlib=rb-4.1.0&q=80&w=1080
Deger Apart Akyaka,https://images.unsplash.com/photo-1682882536887-87b6e9524cc7?crop=entropy&cs=tinysrgb&fit=max&fm=jpg&ixid=M3w3NTQyMTB8MHwxfHNlYXJjaHwxfHxEZWdlciUyMEFwYXJ0JTIwQWt5YWthfGVufDB8fHx8MTc0Nzg2MzQ0MXww&ixlib=rb-4.1.0&q=80&w=1080
Demircioğlu Park Hotel,https://images.unsplash.com/photo-1445991842772-097fea258e7b?crop=entropy&cs=tinysrgb&fit=max&fm=jpg&ixid=M3w3NTQyMTB8MHwxfHNlYXJjaHwxfHxEZW1pcmNpbyVDNCU5Rmx1JTIwUGFyayUyMEhvdGVsfGVufDB8fHx8MTc0Nzg2MzQ0Mnww&ixlib=rb-4.1.0&q=80&w=1080
Dinlen Apart Otel,https://images.unsplash.com/photo-1616424525183-4042d746ac85?crop=entropy&cs=tinysrgb&fit=max&fm=jpg&ixid=M3w3NTQyMTB8MHwxfHNlYXJjaHwxfHxEaW5sZW4lMjBBcGFydCUyME90ZWx8ZW58MHx8fHwxNzQ3ODYzNDQzfDA&ixlib=rb-4.1.0&q=80&w=1080
Egehan Otel,https://images.unsplash.com/photo-1729474970592-8af0ec917d9f?crop=entropy&cs=tinysrgb&fit=max&fm=jpg&ixid=M3w3NTQyMTB8MHwxfHNlYXJjaHwxfHxFZ2VoYW4lMjBPdGVsfGVufDB8fHx8MTc0Nzg2MzQ0NXww&ixlib=rb-4.1.0&q=80&w=1080
Elçin Kız Öğrenci Apartı,https://images.unsplash.com/photo-1576248003442-5ddaea8ab9c6?crop=entropy&cs=tinysrgb&fit=max&fm=jpg&ixid=M3w3NTQyMTB8MHwxfHNlYXJjaHwxfHxFbCVDMyVBN2luJTIwSyVDNCVCMXolMjAlQzMlOTYlQzQlOUZyZW5jaSUyMEFwYXJ0JUM0JUIxfGVufDB8fHx8MTc0Nzg2MzQ0Nnww&ixlib=rb-4.1.0&q=80&w=1080
Erdem Otel,https://images.unsplash.com/photo-1729474970592-8af0ec917d9f?crop=entropy&cs=tinysrgb&fit=max&fm=jpg&ixid=M3w3NTQyMTB8MHwxfHNlYXJjaHwxfHxFcmRlbSUyME90ZWx8ZW58MHx8fHwxNzQ3ODYzNDQ3fDA&ixlib=rb-4.1.0&q=80&w=1080
Ersöz Butik Otel,https://images.unsplash.com/photo-1729474970592-8af0ec917d9f?crop=entropy&cs=tinysrgb&fit=max&fm=jpg&ixid=M3w3NTQyMTB8MHwxfHNlYXJjaHwxfHxFcnMlQzMlQjZ6JTIwQnV0aWslMjBPdGVsfGVufDB8fHx8MTc0Nzg2MzQ0N3ww&ixlib=rb-4.1.0&q=80&w=1080
Esen Apart,https://images.unsplash.com/photo-1691835245247-50cdcb670fd0?crop=entropy&cs=tinysrgb&fit=max&fm=jpg&ixid=M3w3NTQyMTB8MHwxfHNlYXJjaHwxfHxFc2VuJTIwQXBhcnR8ZW58MHx8fHwxNzQ3ODYzNDUwfDA&ixlib=rb-4.1.0&q=80&w=1080
Fabric Otel Akyaka,https://images.unsplash.com/photo-1534639077088-d702bcf685e7?crop=entropy&cs=tinysrgb&fit=max&fm=jpg&ixid=M3w3NTQyMTB8MHwxfHNlYXJjaHwxfHxGYWJyaWMlMjBPdGVsJTIwQWt5YWthfGVufDB8fHx8MTc0Nzg2MzQ1MHww&ixlib=rb-4.1.0&q=80&w=1080
Feron Otel,https://images.unsplash.com/photo-1729474970592-8af0ec917d9f?crop=entropy&cs=tinysrgb&fit=max&fm=jpg&ixid=M3w3NTQyMTB8MHwxfHNlYXJjaHwxfHxGZXJvbiUyME90ZWx8ZW58MHx8fHwxNzQ3ODYzNDUyfDA&ixlib=rb-4.1.0&q=80&w=1080
Gaye Apart Hotel,https://images.unsplash.com/photo-1445991842772-097fea258e7b?crop=entropy&cs=tinysrgb&fit=max&fm=jpg&ixid=M3w3NTQyMTB8MHwxfHNlYXJjaHwxfHxHYXllJTIwQXBhcnQlMjBIb3RlbHxlbnwwfHx8fDE3NDc4NjM0NTR8MA&ixlib=rb-4.1.0&q=80&w=1080
Gokturk Otel,https://images.unsplash.com/photo-1665332521450-d9910a4b8a12?crop=entropy&cs=tinysrgb&fit=max&fm=jpg&ixid=M3w3NTQyMTB8MHwxfHNlYXJjaHwxfHxHb2t0dXJrJTIwT3RlbHxlbnwwfHx8fDE3NDc4NjM0NTZ8MA&ixlib=rb-4.1.0&q=80&w=1080
Gökova Şemkin Apart,https://images.unsplash.com/photo-1680498683896-5c020d334b24?crop=entropy&cs=tinysrgb&fit=max&fm=jpg&ixid=M3w3NTQyMTB8MHwxfHNlYXJjaHwxfHxHJUMzJUI2a292YSUyMCVDNSU5RWVta2luJTIwQXBhcnR8ZW58MHx8fHwxNzQ3ODYzNDU3fDA&ixlib=rb-4.1.0&q=80&w=1080
Göktürk Butik Otel,https://images.unsplash.com/photo-1592835412756-213efed3aaf7?crop=entropy&cs=tinysrgb&fit=max&fm=jpg&ixid=M3w3NTQyMTB8MHwxfHNlYXJjaHwxfHxHJUMzJUI2a3QlQzMlQkNyayUyMEJ1dGlrJTIwT3RlbHxlbnwwfHx8fDE3NDc4NjM0NTh8MA&ixlib=rb-4.1.0&q=80&w=1080
Gülemce Apart & Villas,https://images.unsplash.com/photo-1616424525183-4042d746ac85?crop=entropy&cs=tinysrgb&fit=max&fm=jpg&ixid=M3w3NTQyMTB8MHwxfHNlYXJjaHwxfHxHJUMzJUJDbGVtY2UlMjBBcGFydCUyMHxlbnwwfHx8fDE3NDc4NjM0NTl8MA&ixlib=rb-4.1.0&q=80&w=1080
Gülzade Konak Apart,https://images.unsplash.com/photo-1707590750275-389170e0aa7f?crop=entropy&cs=tinysrgb&fit=max&fm=jpg&ixid=M3w3NTQyMTB8MHwxfHNlYXJjaHwxfHxHJUMzJUJDbHphZGUlMjBLb25hayUyMEFwYXJ0fGVufDB8fHx8MTc0Nzg2MzQ2MHww&ixlib=rb-4.1.0&q=80&w=1080
Günışığı Apart,https://images.unsplash.com/photo-1616424525183-4042d746ac85?crop=entropy&cs=tinysrgb&fit=max&fm=jpg&ixid=M3w3NTQyMTB8MHwxfHNlYXJjaHwxfHxHJUMzJUJDbiVDNCVCMSVDNSU5RiVDNCVCMSVDNCU5RiVDNCVCMSUyMEFwYXJ0fGVufDB8fHx8MTc0Nzg2MzQ2MXww&ixlib=rb-4.1.0&q=80&w=1080
HAFIZOĞLU OTEL,https://images.unsplash.com/photo-1729474970592-8af0ec917d9f?crop=entropy&cs=tinysrgb&fit=max&fm=jpg&ixid=M3w3NTQyMTB8MHwxfHNlYXJjaHwxfHxIQUZJWk8lQzQlOUVMVSUyME9URUx8ZW58MHx8fHwxNzQ3ODYzNDYyfDA&ixlib=rb-4.1.0&q=80&w=1080
Hamle Hotel,https://images.unsplash.com/photo-1506744038136-46273834b3fb
Hotel Azmakhan,https://images.unsplash.com/photo-1506744038136-46273834b3fb
Hotel Caretta,https://images.unsplash.com/photo-1506744038136-46273834b3fb
Hotel Grand Azmakhan Spa & Wellness,https://images.unsplash.com/photo-1506744038136-46273834b3fb
Hotel Yalçın,https://images.unsplash.com/photo-1506744038136-46273834b3fb
Huzur Apart Otel,https://images.unsplash.com/photo-1506744038136-46273834b3fb
Huzur Han Otel,https://images.unsplash.com/photo-1506744038136-46273834b3fb
Keramos Pansiyon Akyaka,https://images.unsplash.com/photo-1506744038136-46273834b3fb
Kerme Ottoman Gökova,https://images.unsplash.com/photo-1506744038136-46273834b3fb
Kerme Ottoman Palace,https://images.unsplash.com/photo-1506744038136-46273834b3fb
Kiraz Cicegi Butik Otel Akyaka,https://images.unsplash.com/photo-1506744038136-46273834b3fb
Koparan Apart,https://images.unsplash.com/photo-1506744038136-46273834b3fb
Kordon Otel & Apart Akyaka Ula Muğla,https://images.unsplash.com/photo-1506744038136-46273834b3fb
KÖRFEZ OTEL & RESTAURANT,https://images.unsplash.com/photo-1506744038136-46273834b3fb
Lacivert Otel Akyaka,https://images.unsplash.com/photo-1506744038136-46273834b3fb
Lena Apart,https://images.unsplash.com/photo-1506744038136-46273834b3fb
Limon Apart,https://images.unsplash.com/photo-1506744038136-46273834b3fb
Limon Otel,https://images.unsplash.com/photo-1506744038136-46273834b3fb
Liya Boutique Hotel & Suites / Villa Yonca,https://images.unsplash.com/photo-1506744038136-46273834b3fb
MERKEZ APART PANSİYON,https://images.unsplash.com/photo-1506744038136-46273834b3fb
MSKÜ Akyaka Uygulama Oteli,https://images.unsplash.com/photo-1506744038136-46273834b3fb
Marina Port Otel Akyaka,https://images.unsplash.com/photo-1506744038136-46273834b3fb
Meltem Hanım Konağı butik otel ve Restoran,https://images.unsplash.com/photo-1506744038136-46273834b3fb
Menteşede Oteller | Karya Apart Otel,https://images.unsplash.com/photo-1506744038136-46273834b3fb
Mercan Apart Akyaka,https://images.unsplash.com/photo-1506744038136-46273834b3fb
Merve Han Residence Hotel,https://images.unsplash.com/photo-1506744038136-46273834b3fb
Mevsim Apart,https://images.unsplash.com/photo-1506744038136-46273834b3fb
Mevsim Apart - Akyaka Apart,https://images.unsplash.com/photo-1506744038136-46273834b3fb
Mevsim Otel - Akyaka Otel,https://images.unsplash.com/photo-1506744038136-46273834b3fb
Mimoza Pansiyon,https://images.unsplash.com/photo-1506744038136-46273834b3fb
Mira Apart,https://images.unsplash.com/photo-1506744038136-46273834b3fb
Mosso Boutique Hotel,https://images.unsplash.com/photo-1506744038136-46273834b3fb
Moğla Taşhan otel,https://images.unsplash.com/photo-1506744038136-46273834b3fb
Muğla Hotel,https://images.unsplash.com/photo-1506744038136-46273834b3fb
Nehir Apart Otel,https://images.unsplash.com/photo-1506744038136-46273834b3fb
Nehir Butik Otel,https://images.unsplash.com/photo-1506744038136-46273834b3fb
No22 Riders'Inn,https://images.unsplash.com/photo-1506744038136-46273834b3fb
Nova Aparts Otel,https://images.unsplash.com/photo-1506744038136-46273834b3fb
NİL HOTEL,https://images.unsplash.com/photo-1506744038136-46273834b3fb
Orkide Apart Hotel,https://images.unsplash.com/photo-1506744038136-46273834b3fb
Otel Arın,https://images.unsplash.com/photo-1506744038136-46273834b3fb
PORTOFİNO APART ŞUBE,https://images.unsplash.com/photo-1506744038136-46273834b3fb
Padok Premium Hotel & Stables,https://images.unsplash.com/photo-1506744038136-46273834b3fb
Palmiye Apart Otel,https://images.unsplash.com/photo-1506744038136-46273834b3fb
Panamara Otel,https://images.unsplash.com/photo-1506744038136-46273834b3fb
Panamare Apart & Hotel Akyaka,https://images.unsplash.com/photo-1506744038136-46273834b3fb
Petek Hotel,https://images.unsplash.com/photo-1506744038136-46273834b3fb
Raymar Hotels Muğla,https://images.unsplash.com/photo-1506744038136-46273834b3fb
Renklice Apart Evler,https://images.unsplash.com/photo-1506744038136-46273834b3fb
Santo Akyaka Home,https://images.unsplash.com/photo-1506744038136-46273834b3fb
Server Apart Hotel,https://images.unsplash.com/photo-1506744038136-46273834b3fb
Sezgin Apart,https://images.unsplash.com/photo-1506744038136-46273834b3fb
Shimal Residences & Hotel,https://images.unsplash.com/photo-1506744038136-46273834b3fb
Su Apart Otel Akyaka,https://images.unsplash.com/photo-1506744038136-46273834b3fb
Summer Otel,https://images.unsplash.com/photo-1506744038136-46273834b3fb
TN&CO Exclusive CIP Suites/Primeclass Rooms,https://images.unsplash.com/photo-1506744038136-46273834b3fb
Teras Tepe Apart,https://images.unsplash.com/photo-1506744038136-46273834b3fb
Totelya Hotel,https://images.unsplash.com/photo-1506744038136-46273834b3fb
Tuna Otel,https://images.unsplash.com/photo-1506744038136-46273834b3fb
Tuna Otel Rezidans,https://images.unsplash.com/photo-1506744038136-46273834b3fb
Tuncer Otel,https://images.unsplash.com/photo-1506744038136-46273834b3fb
Ugur Apart Hotel,https://images.unsplash.com/photo-1506744038136-46273834b3fb
Uğurevler Apart,https://images.unsplash.com/photo-1506744038136-46273834b3fb
Verde Suites Akyaka,https://images.unsplash.com/photo-1506744038136-46273834b3fb
XOX Apart Hotel,https://images.unsplash.com/photo-1506744038136-46273834b3fb
YAKABÜK TİNY HOUSE PANSİYON,https://images.unsplash.com/photo-1506744038136-46273834b3fb
Yakabük Otel & Restaurant,https://images.unsplash.com/photo-1506744038136-46273834b3fb
Yatu Apart Otel,https://images.unsplash.com/photo-1506744038136-46273834b3fb
Yelken Hotel Akyaka,https://images.unsplash.com/photo-1506744038136-46273834b3fb
Yener Apart,https://images.unsplash.com/photo-1506744038136-46273834b3fb
Yeni sıtar apart,https://images.unsplash.com/photo-1506744038136-46273834b3fb
Yenice Vadi,https://images.unsplash.com/photo-1506744038136-46273834b3fb
Yücelen Otel Akyaka,https://images.unsplash.com/photo-1506744038136-46273834b3fb
belgin pansiyon,https://images.unsplash.com/photo-1506744038136-46273834b3fb
portofino apart,https://images.unsplash.com/photo-1506744038136-46273834b3fb
villa vali Akyaka Apart,https://images.unsplash.com/photo-1506744038136-46273834b3fb
ÇALCALAR OTEL,https://images.unsplash.com/photo-1506744038136-46273834b3fb
İNCİLİ PANSİYON-OTEL-APART,https://images.unsplash.com/photo-1506744038136-46273834b3fb
İnci Apart,https://images.unsplash.com/photo-1506744038136-46273834b3fb
İskelem Butik Otel,https://images.unsplash.com/photo-1506744038136-46273834b3fb
İzethan Hotel,https://images.unsplash.com/photo-1506744038136-46273834b3fb
